userId,title,note
123,Ween Live in Chicago (2004),4.544850851019985
123,Pulp Fiction (1994),4.452743734545587
123,Welfare (1975),4.452332405624099
123,The War (2007),4.446490681083384
123,"Great White Silence, The (1924)",4.397552401422227
123,Edvard Munch (1974),4.383126010432833
123,"Godfather, The (1972)",4.346368733124171
123,"Century of the Self, The (2002)",4.315090537583788
123,Cosmos (1980),4.298513860068192
123,Captain Conan (Capitaine Conan) (1996),4.280694826081236
