{"duration": 122.2044620513916, "input_args": {"filepath": "'src/models/svd_model.pkl'"}, "time": 1718055455.564151}