{"duration": 3.348219156265259, "input_args": {"filepath": "'src/models/svd_model.pkl'"}, "time": 1718639153.535216}