{"duration": 2.4949429035186768, "input_args": {"filepath": "'./src/models/svd_model.pkl'"}, "time": 1719308557.8602045}